Workbook

Sheet Лист1
C4: Наименование объекта | D4: Балансовая стоимость | E4: Износ | F4: Остаточная стоимость | G4: Восстановительная полная стоимость | H4: Восстановительная остаточная стоимость
C5: Заводоуправление | D5: 12556.4 | E5: 589.3 | F5: =D5-E5 -> 11967.1 | G5: =D5*Лист2!F7 -> 37669.2 | H5: =F5*Лист2!F7 -> 35901.3
C6: Диспетчерская | D6: 184 | E6: 51.2 | F6: =D6-E6 -> 132.8 | G6: =D6*Лист2!F8 -> 368 | H6: =F6*Лист2!F8 -> 265.6
C7: Цех №1 | D7: 954.4 | E7: 235.1 | F7: =D7-E7 -> 719.3 | G7: =D7*Лист2!F9 -> 2863.2 | H7: =F7*Лист2!F9 -> 2157.9
C8: Цех №2 | D8: 821.9 | E8: 218.9 | F8: =D8-E8 -> 603 | G8: =D8*Лист2!F10 -> 2465.7 | H8: =F8*Лист2!F10 -> 1809
C9: Цех №3 | D9: 529.6 | E9: 124.7 | F9: =D9-E9 -> 404.9 | G9: =D9*Лист2!F11 -> 1588.8 | H9: =F9*Лист2!F11 -> 1214.7
C10: Цех №4 | D10: 758.4 | E10: 171.1 | F10: =D10-E10 -> 587.3 | G10: =D10*Лист2!F12 -> 2275.2 | H10: =F10*Лист2!F12 -> 1761.9
C11: Склад №1 | D11: 580.2 | E11: 223.3 | F11: =D11-E11 -> 356.9 | G11: =D11*Лист2!F13 -> 1740.6 | H11: =F11*Лист2!F13 -> 1070.7
C12: Склад №2 | D12: 443.9 | E12: 98.6 | F12: =D12-E12 -> 345.3 | G12: =D12*Лист2!F14 -> 887.8 | H12: =F12*Лист2!F14 -> 690.6
C13: Склад №3 | D13: 579 | E13: 123.4 | F13: =D13-E13 -> 455.6 | G13: =D13*Лист2!F15 -> 1737 | H13: =F13*Лист2!F15 -> 1366.8
C14: Склад №4 | D14: 322.8 | E14: 69.8 | F14: =D14-E14 -> 253 | G14: =D14*Лист2!F16 -> 645.6 | H14: =F14*Лист2!F16 -> 506
C15: Итого | D15: =SUM(D5:D14) -> 17730.6 | E15: =SUM(E5:E14) -> 1905.4 | F15: =SUM(F5:F14) -> 15825.2 | G15: =SUM(G5:G14) -> 52241.1 | H15: =SUM(H5:H14) -> 46744.5

Sheet Лист2
E6: Наименование объекта | F6: K
E7: Заводоуправление | F7: =IF(Лист1!D5>500,3,2) -> 3
E8: Диспетчерская | F8: =IF(Лист1!D6>500,3,2) -> 2
E9: Цех №1 | F9: =IF(Лист1!D7>500,3,2) -> 3
E10: Цех №2 | F10: =IF(Лист1!D8>500,3,2) -> 3
E11: Цех №3 | F11: =IF(Лист1!D9>500,3,2) -> 3
E12: Цех №4 | F12: =IF(Лист1!D10>500,3,2) -> 3
E13: Склад №1 | F13: =IF(Лист1!D11>500,3,2) -> 3
E14: Склад №2 | F14: =IF(Лист1!D12>500,3,2) -> 2
E15: Склад №3 | F15: =IF(Лист1!D13>500,3,2) -> 3
E16: Склад №4 | F16: =IF(Лист1!D14>500,3,2) -> 2
